"0","# Pr√©paration de l'environnement"
"0","tar_visnetwork(targets_only = TRUE)"
"2","Registered S3 method overwritten by 'htmlwidgets':
  method           from         
  print.htmlwidget tools:rstudio
"
"1",""
"1",""
"1","-"
"1",""
"1",""
"1",""
"1",""
"1","\"
"1",""
"1",""
"1",""
"1",""
"1","|"
"1",""
"1",""
"1","[31mhere() starts at /Users/utilisateur/onedrive-univ-pd/pedagogical_extended_prone
[39m"
"1",""
"1",""
"1","/"
"1",""
"1",""
"1",""
"1",""
"1","-"
"1",""
"1",""
"1",""
"1",""
"1","\"
"1",""
"1",""
"1",""
"1",""
"1","|"
"1",""
"1",""
"1",""
"1",""
"1","/"
"1",""
"1",""
"1",""
"1",""
"1","-"
"1",""
"1",""
"1"," "
