"0","tar_make()
"
"1",""
"1",""
"1","-"
"1",""
"1",""
"1",""
"1",""
"1","\"
"1",""
"1",""
"1","[31mhere() starts at /Users/utilisateur/onedrive-univ-pd/pedagogical_extended_prone
[39m"
"1",""
"1",""
"1","|"
"1",""
"1",""
"1",""
"1",""
"1","/"
"1",""
"1",""
"1",""
"1",""
"1","-"
"1",""
"1",""
"1",""
"1",""
"1","\"
"1",""
"1",""
"1","[31m[32m‚úî[31m [0m[22m[23m[24m[27m[28m[29m[49mskip target pp_file[31m
[39m"
"1",""
"1",""
"1","|"
"1",""
"1",""
"1","[31m[32m‚úî[31m [0m[22m[23m[24m[27m[28m[29m[49mskip target demog_file[31m
[39m"
"1",""
"1",""
"1","/"
"1",""
"1",""
"1","[31m[34m‚Ä¢[31m [0m[22m[23m[24m[27m[28m[29m[49mstart target info_table1_file[31m
[39m"
"1",""
"1",""
"1","-"
"1",""
"1",""
"1","[31m[32m‚Ä¢[31m [0m[22m[23m[24m[27m[28m[29m[49mbuilt target info_table1_file[90m [0.001 seconds][0m[22m[23m[24m[27m[28m[29m[49m[31m
[39m"
"1",""
"1",""
"1","\"
"1",""
"1",""
"1","[31m[32m‚úî[31m [0m[22m[23m[24m[27m[28m[29m[49mskip target x_label[31m
[32m‚úî[31m [0m[22m[23m[24m[27m[28m[29m[49mskip target pressure_injuries_file[31m
[39m"
"1",""
"1",""
"1","|"
"1",""
"1",""
"1","[31m[32m‚úî[31m [0m[22m[23m[24m[27m[28m[29m[49mskip target raw_demog[31m
[39m"
"1",""
"1",""
"1","/"
"1",""
"1",""
"1","[31m[34m‚Ä¢[31m [0m[22m[23m[24m[27m[28m[29m[49mstart target info_table1[31m
[39m"
"1",""
"1",""
"1","-"
"1",""
"1",""
"1","[31m[32m‚Ä¢[31m [0m[22m[23m[24m[27m[28m[29m[49mbuilt target info_table1[90m [0.006 seconds][0m[22m[23m[24m[27m[28m[29m[49m[31m
[39m"
"1",""
"1",""
"1","\"
"1",""
"1",""
"1","[31m[32m‚úî[31m [0m[22m[23m[24m[27m[28m[29m[49mskip target raw_pi_df[31m
[32m‚úî[31m [0m[22m[23m[24m[27m[28m[29m[49mskip target raw_pp[31m
[39m"
"1",""
"1",""
"1","|"
"1",""
"1",""
"1","[31m[32m‚úî[31m [0m[22m[23m[24m[27m[28m[29m[49mskip target excluded_patients[31m
[32m‚úî[31m [0m[22m[23m[24m[27m[28m[29m[49mskip target demog[31m
[34m‚Ä¢[31m [0m[22m[23m[24m[27m[28m[29m[49mstart target table1_excluded_patients[31m
[39m"
"1",""
"1",""
"1","/"
"1",""
"1",""
"1","[31m[32m‚Ä¢[31m [0m[22m[23m[24m[27m[28m[29m[49mbuilt target table1_excluded_patients[90m [0.066 seconds][0m[22m[23m[24m[27m[28m[29m[49m[31m
[39m"
"1",""
"1",""
"1","-"
"1",""
"1",""
"1","[31m[34m‚Ä¢[31m [0m[22m[23m[24m[27m[28m[29m[49mstart target table1_final_cohort[31m
[39m"
"1",""
"1",""
"1","\"
"1",""
"1",""
"1","[31m[32m‚Ä¢[31m [0m[22m[23m[24m[27m[28m[29m[49mbuilt target table1_final_cohort[90m [0.035 seconds][0m[22m[23m[24m[27m[28m[29m[49m[31m
[39m"
"1",""
"1",""
"1","|"
"1",""
"1",""
"1","[31m[32m‚úî[31m [0m[22m[23m[24m[27m[28m[29m[49mskip target pp[31m
[34m‚Ä¢[31m [0m[22m[23m[24m[27m[28m[29m[49mstart target table_care[31m
[39m"
"1",""
"1",""
"1","/"
"1",""
"1",""
"1","[31m[32m‚Ä¢[31m [0m[22m[23m[24m[27m[28m[29m[49mbuilt target table_care[90m [0.029 seconds][0m[22m[23m[24m[27m[28m[29m[49m[31m
[39m"
"1",""
"1",""
"1","-"
"1",""
"1",""
"1","[31m[34m‚Ä¢[31m [0m[22m[23m[24m[27m[28m[29m[49mstart target table_risk_factors_pi[31m
[39m"
"1",""
"1",""
"1","\"
"1",""
"1",""
"1","[31mAttente de la r√©alisation du profilage...
[39m"
"1",""
"1",""
"1","|"
"1",""
"1",""
"1","[31mAttente de la r√©alisation du profilage...
[39m"
"1",""
"1",""
"1","/"
"1",""
"1",""
"1","[31mAttente de la r√©alisation du profilage...
[39m"
"1",""
"1",""
"1","-"
"1",""
"1",""
"1","[31mAttente de la r√©alisation du profilage...
[39m"
"1",""
"1",""
"1","\"
"1",""
"1",""
"1","[31mAttente de la r√©alisation du profilage...
[39m"
"1",""
"1",""
"1","|"
"1",""
"1",""
"1","[31mAttente de la r√©alisation du profilage...
[39m"
"1",""
"1",""
"1","/"
"1",""
"1",""
"1","[31mAttente de la r√©alisation du profilage...
[39m"
"1",""
"1",""
"1","-"
"1",""
"1",""
"1","[31mAttente de la r√©alisation du profilage...
[39m"
"1",""
"1",""
"1","\"
"1",""
"1",""
"1","[31mAttente de la r√©alisation du profilage...
[39m"
"1",""
"1",""
"1","|"
"1",""
"1",""
"1","[31mAttente de la r√©alisation du profilage...
[39m"
"1",""
"1",""
"1","/"
"1",""
"1",""
"1","[31mAttente de la r√©alisation du profilage...
[39m"
"1",""
"1",""
"1","-"
"1",""
"1",""
"1","[31mAttente de la r√©alisation du profilage...
[39m"
"1",""
"1",""
"1","\"
"1",""
"1",""
"1","[31mAttente de la r√©alisation du profilage...
[39m"
"1",""
"1",""
"1","|"
"1",""
"1",""
"1","[31mAttente de la r√©alisation du profilage...
[39m"
"1",""
"1",""
"1","/"
"1",""
"1",""
"1","[31mAttente de la r√©alisation du profilage...
[39m"
"1",""
"1",""
"1","-"
"1",""
"1",""
"1","[31mAttente de la r√©alisation du profilage...
[39m"
"1",""
"1",""
"1","\"
"1",""
"1",""
"1","[31mAttente de la r√©alisation du profilage...
[39m"
"1",""
"1",""
"1","|"
"1",""
"1",""
"1","[31mAttente de la r√©alisation du profilage...
[39m"
"1",""
"1",""
"1","/"
"1",""
"1",""
"1","[31m[32m‚Ä¢[31m [0m[22m[23m[24m[27m[28m[29m[49mbuilt target table_risk_factors_pi[90m [0.218 seconds][0m[22m[23m[24m[27m[28m[29m[49m[31m
[39m"
"1",""
"1",""
"1","-"
"1",""
"1",""
"1","[31m[34m‚Ä¢[31m [0m[22m[23m[24m[27m[28m[29m[49mstart target table1[31m
[39m"
"1",""
"1",""
"1","\"
"1",""
"1",""
"1","[31m[32m‚Ä¢[31m [0m[22m[23m[24m[27m[28m[29m[49mbuilt target table1[90m [0.002 seconds][0m[22m[23m[24m[27m[28m[29m[49m[31m
[39m"
"1",""
"1",""
"1","|"
"1",""
"1",""
"1","[31m[32m‚úî[31m [0m[22m[23m[24m[27m[28m[29m[49mskip target df_to_plot_vent_var[31m
[32m‚úî[31m [0m[22m[23m[24m[27m[28m[29m[49mskip target boxplot_3vent_params[31m
[34m‚Ä¢[31m [0m[22m[23m[24m[27m[28m[29m[49mend pipeline[90m [0.475 seconds][0m[22m[23m[24m[27m[28m[29m[49m[31m
[39m"
"1",""
"1",""
"1","/"
"1",""
"1",""
"1","[31mMessages d'avis :
1: [1m[22mThe `x` argument of `as_tibble.matrix()` must have unique column names if
`.name_repair` is omitted as of tibble 2.0.0.
[36m‚Ñπ[31m Using compatibility `.name_repair`. 
2: [31m1 targets produced warnings. Run tar_meta(fields = warnings, complete_only = TRUE) for the messages.[31m 
[39m"
"1",""
"1",""
"1","-"
"1",""
"1",""
"1",""
"1",""
"1","\"
"1",""
"1",""
"1"," "
